"Hospital","Department","Country","City","Title","Lead_Collaborator_Forename","Lead_Collaborator_Surname"
"Norfolk and Norwich University Hospital","Urology","United Kingdom","Norwich","Dr","Melissa","Gabriel"
"Izmir University of Health Sciences Tepecik Training and Research Hospital","Urology","Turkey","Izmir","Dr","Volkan","Ulker"
"Sanatorio Juncal","Urology","Argentina","Temperley","Dr","Carlos","Andrade"
"Molinette Hospital, Turin School of Medicine","Department of Surgical Sciences, Division of Urology","Italy","Turin","Dr","Francesco","Soria"
"Trakya University, Health Center for Medical Research and Practice","Department of Urology","Turkey","Edirne","Dr","Ersan","Arda"
"Stepping Hill Hospital","Urology department","United Kingdom","Manchester","Dr","Sophie","Vaggers"
"Policlinico Umberto I Sapienza University of Rome","Department of Surgical Sciences Pietro Valdoni","Italy","Rome","Mr","Pierfrancesco","Lapolla"
"Southend University Hospital","urology","United Kingdom","Southend","Mr","Daben","Dawam"
"Sanatorio Allende","Servicio de Urologia","Argentina","Cordoba","Dr","Diego","Belisle"
"Policlinico Hospital 'G. Rodolico'","Urology Section","Italy","Catania","Prof","Giorgio Ivan","Russo"
"Royal Preston Hospital","Urology Department","United Kingdom","Preston","Miss","Areej","Paracha"
"Morriston Hospital","Urology","United Kingdom","Swansea","Mr","George","Hill"
"Massachusetts General Hospital","Department of Urology","United States of America","Boston","Dr","Filipe","Carvalho"
"Gosford Hospital","Surgery","Australia","Gosford","Prof","Amanda","Dawson"
"Royal Bournemouth Hospital, University Hospitals Dorset NHS Foundation Trust","Urology","United Kingdom","Bournemouth","Dr","Rotimi","David"
"Royal London hospital","Urology","United Kingdom","London","Mr","Luke","Foster"
"SIU School of Medicine","Urology","United States of America","Springfield","Dr","Kara","Babaian"
"Box Hill Hospital","Urology Department","Australia","Melbourne","Prof","Shomik","Sengupta"
"CEMIC","UROLOGY","Argentina","Ciudad de Buenos Aires","Dr","Nicolas","Richards"
"Milton Keynes University hospital","Urology department","United Kingdom","Milton Keynes","Mr","Imoh","Ibiok"
"Kent and Canterbury hospital","Urology department","United Kingdom","Canterbury","Mr","Issam","Ahmed"
"Oriental Melaka Straits Medical Centre","Urology","Malaysia","Melaka","Prof","Christopher","Ho"
"American University of Beirut Medical Center","Department of Surgery, Division of Urology","Lebanon","Beirut","Dr","Nassib","Abou Heidar"
"Leicester General Hospital","Urology","United Kingdom","Leicester","Mr","Mithun","Kailavasan"
"UMC Utrecht","Department of Urology, Cancer Center","Nicaragua","Utrecht","Dr","Peter-Paul","Willemse"
"Manchester University NHS Foundation Trust - Wythenshawe Hospital","Dept of Urology","United Kingdom","Manchester","Mr","Thiru","Gunendran"
"Canisius Wilhelmina Hospital","Urology","Netherlands","Nijmegen","Dr","Diederick","Duijvesz"
"St James's Hospital","Urology","Ireland","Dublin","Mr","Shane","Considine"
"Addenbrookes Hospital","Urology","United Kingdom","Cambridge","Dr","Islam","Abu-Nayla"
"General Hospital of Kalamata","Department of Urology","Greece","Kalamata","Dr","Ioannis","Efthimiou"
"Maidstone and Tunbridge Wells NHS Trust","Urology department","United Kingdom","Maidstone","Mr","Rory","Ferguson"
"Government Medical College, Srinagar, Kashmir","Urology","India","Srinagar","Dr","Omar","Akhtar"
"Hospital Universitario de Móstoles","Servicio de Urología","Spain","Móstoles","Dr","María Luisa","Carreño Aguilar"
"Royal Derby Hospital","Department of Urology","United Kingdom","Derby","Mr","Hywel","Satherley"
"Western General Hospital","Department of Urology","United Kingdom","Edinburgh","Mr","David Hua Wu","Lau"
"Hospital Aleman","Urology","Argentina","Buenos Aires","Dr","Luis","Rico"
"University of Alberta Hospital","Division of Urology","Canada","Edmonton","Dr","Betty","Wang"
"Royal Alexandra Hospital","Division of Urology","Canada","Edmonton","Dr","Betty","Wang"
"Mercy University Hospital","Department of Urology","Ireland","Cork","Dr","Clare","O'Connell"
"Misericordia Hospital","Division of Urology","Canada","Edmonton","Dr","Betty","Wang"
"Hospital Universitario La Paz","Servicio de Urología","Spain","Madrid","Dr","Diego","Carrion"
"frimley park hospital NHS foundation trust","urology","United Kingdom","surrey","Miss","holly","ni raghallaigh"
"Centre hospitalier universitaire de Lille","Urology department","France","Lille","Dr","Gautier","Marcq"
"Doncaster Royal Infirmary","Urology Department","United Kingdom","Doncaster","Mr","Aron","Thomas"
"University Hospital North Midlands","Department of Urology","United Kingdom","Stoke-On-Trent","Miss","Megan","Thomas"
"Klinikum Leverkusen","Klinik für Urologie","Germany","Leverkusen","Dr","Tobias","Kohl"
"Ayr Hospital","Urology Department","United Kingdom","Ayr","Mr","Ibrahim","Ibrahim"
"Hirslanden Klinik St. Anna","Urologie St. Anna","Switzerland","Lucerne","Dr","Philipp","Huber"
"Hospital Universitari Son Espases","Urology department","Spain","Palma","Dr","Jose Luis","Bauza"
"Hospital de Clinicas 'José de San Martín'","Urology","Argentina","Buenos Aires","Dr","Maximiliano","Lopez Silva"
"Royal Liverpool & Broadgreen University Hospital","Urology","United Kingdom","Liverpool","Mr","Sam","Taktak"
"UConn Health","Surgery","United States of America","Farmington","Dr","Benjamin","Ristau"
"University of Missouri","Surgery-Urology","United States of America","Columbia","Dr","Katie","Murray"
"Queen Mary Hospital","Department of Surgery","Hong Kong","Hong Kong","Dr","Henry","Lie"
"Ege University Hospital","Department of Urology","Turkey","Izmir","Dr","Fuat","Kızılay"
"The Jikei University Kashiwa Hospital","Department of Urology","Japan","Kashiwa","Dr","Wataru","Fukuokaya"
"Ashford & St. Peter's Hospital NHS Trust","Urology Department","United Kingdom","Chertsey","Mr","Fouad","Maqboul"
"Instituto Alexander Fleming","Departamento de Urología","Argentina","Buenos Aires","Dr","Jorge","Jaunarena"
"Shifa International Hospitals Ltd.","Shifa Department of Urology","Pakistan","Islamabad","Mr","Muhammad","Tahir"
"Maastricht University Medical Center","Department of Urology","Netherlands","Maastricht","Dr","Tom","Marcelissen"
"University of Kansas Health System","Urology","United States of America","Kansas City","Dr","Matthew","Banti"
"Hospital Egas Moniz","Serviço de Urologia","Portugal","Lisboa","Dr","Frederico","Portugal-Gaspar"
"Torbay and South Devon NHS Foundation Trust","Urology","United Kingdom","Torbay","Miss","Eleanor","Zimmermann"
"Ulster Hospital","Urology","United Kingdom","Belfast","Mr","Conor","McCann"
"Istanbul Medeniyet University, Istanbul Goztepe Prof. Dr. Suleyman Yalcin City Hospital","Urology","Turkey","Kadikoy","Prof","Asif","Yildirim"
"Aberdeen Royal Infirmary","Urology","United Kingdom","Aberdeen","Miss","Jelizaveta","Pereca"
"Lahey Hospital and Medical Center","Urology","United States of America","Burlington","Dr","Harras","Zaid"
"Loyola University Medical Center","Department of Urology","United States of America","Maywood","Dr","Hiten","Patel"
"Afe Babalola University Ado-ekiti(ABUAD) Multi-speciality Hospital","Department of Surgery","Nigeria","Ado-Ekiti","Dr","Ademola","Adeyeye"
"Epsom general hospital","Urology","United Kingdom","London","Miss","Madhavi","Natarajan"
"Hospital Clínico San Carlos","Urology","Spain","Madrid","Dr","Beatriz","Gutiérrez Hidalgo"
"Hospital Vila Santa Catarina","Urology","Brazil","Sao Paulo","Prof","Fernando","Korkes"
"Belfast City Hospital","Urology","United Kingdom","Belfast","Mr","Wesam","Elbaroni"
"New Cross Hospital","Urology Department","United Kingdom","Wolverhampton","Mr","David","Mak"
"Beaumont Hospital, Royal Oak","Department of Urology","United States of America","Royal Oak","Dr","Jacob","Stephens"
"Royal Devon and Exeter Hospital","Urology","United Kingdom","Exeter","Mr","Michael","Ng"
"University Hospital Monklands","Department of Urology","United Kingdom","Airdrie","Mr","Keiran","Clement"
"Forth Valley Royal Hospital","Urology Department","United Kingdom","Larbert","Mr","Xiang Wei Jonathan","Lee"
"The Queen Elizabeth Hospital","Urology","United Kingdom","King's Lynn","Dr","Simona","Ippoliti"
"East Jefferson General Hospital","LSU Urology","United States of America","Metairie","Dr","Scott","Delacroix"
"Salford Royal","Urology","United Kingdom","Salford","Mr","Craig","Jones"
"University Hospital of Wales","Urology","United Kingdom","Cardiff","Mr","Abdullah","Al-Mitwalli"
"Bradford Royal Infirmary","Urology","United Kingdom","Bradford","Mr","Adeel","Anwar"
"Glangwili General Hospital","Urology","United Kingdom","Carmarthen","Mr","Mohamed","Youssef"
"University Malaya Medical Centre","Division of Urology","Malaysia","Kuala Lumpur","Mr","Kanesh","Seevalingam"
"Hospital Universitario Principe de Asturias","Urology","Spain","Alcala de Henares","Dr","Nelson","Morales"
"Arnau of Villanova Universitary Hospital","Urology","Spain","Lleida","Dr","Cayo Augusto","Estigarribia Benitez"
"Beaumont Hospital, Dublin","Transplant, Urology & Transplantation Directorate","Ireland","Dublin","Dr","Diarmuid","Sugrue"
"James Cook University Hospital","Urology","United Kingdom","Middlesbrough","Mr","Fawad","ARIF"
"East Lancashire Hospitals","Urology","United Kingdom","Lancashire","Mr","Samuel","Shillito"
"The University of Texas MD Anderson Cancer Center","Urology","United States of America","Houston","Dr","Patrick","Hensley"
"University of Kentucky Chandler Hospital, Lexington","Department of Urology","United States of America","Lexington","Dr","Andrew","James"
"Glan Clwyd hospital","urology","United Kingdom","RHYL","Ms","CARNJINI","YOGESWARAN"
"Royal Gwent Hospital","Urology","United Kingdom","Newport","Mr","Mustafa","Rashid"
"University of California San Francisco/ZSFG","Urology","United States of America","San Francisco","Dr","Benjamin","Breyer"
"University of Alabama at Birmingham","Department of Urology","United States of America","Birmingham","Dr","Zachary","Glaser"
"Hospital de trauma y emergencia. Dr Federico Abete","Division of Urology.","Argentina","Malvinas Argetinas.","Dr","Vanessa","Gonzalez"
"Geisinger Medical Center","Department of Urology","United States of America","Danville","Dr","Tullika","Garg"
"The Chinese University of Hong Kong","Department of Surgery","Hong Kong","Hong Kong","Prof","Jeremy","Teoh"
"Southmead Hospital Bristol","Bristol Uroligical Institute","United Kingdom","Bristol","Mr","Alexander","Ridgway"
"Al-Ahli Hospital","Urology department","Qatar","Doha","Dr","Mohammed","Almusimie"
"Hospital Provincial de Ovalle","Unidad de Urologia","Chile","Ovalle","Dr","Esteban","Acuna"
"Royal United Hospital Bath","Urology","United Kingdom","Bath","Dr","Arvinda","Chippagiri"
"Complejo Hospitalario Universitario de Badajoz, Badajoz","Servicio de Urología","Spain","Badajoz","Mr","Mario Paúl","Sánchez Pérez"
"Vancouver General Hospital","Department of Urologic Sciences","Canada","Vancouver","Dr","Taeweon","Lee"
"Guys and St Thomas' NHS Trust","Urology","United Kingdom","London Bridge","Mrs","Elsie","Mensah"
"Queen Elizabeth Hospital","Urology","United Kingdom","London","Dr","Gaynelle","Menzies"
"Tallaght University Hospital","Urology Department","Ireland","Dublin","Ms","Aideen","Madden"
"Hospital Universitario Ramón y Cajal","Urology","Spain","Madrid","Mr","Álvaro","Sánchez González"
"University Hospital Coventry & Warwickshire","Urology","United Kingdom","Coventry","Mr","Piyush","Sarmah"
"Hospital Universitari Germans Trias i Pujol","Servicio de Urología","Spain","Badalona","Dr","Mauro","Bernardello"
"University Hospitals Leuven","Urology","Belgium","Leuven","Dr","Murat","Akand"
"CHU de Reims","Service d'urologie","France","Reims","Mr","Fayek","Fayek"
"National Cheng Kung University hospital","department of urology","Taiwan","Tainan","Dr","Kuan Yu","Wu"
"hospital San Juan de Dios de La Serena","Urología","Chile","La Serena","Dr","Marcelo","Alvear"
"Azienda Ospedaliero-Universitaria Careggi (AOUC)","Chirurgia Urologica Robotica, Miniinvasiva e dei Trapianti Renali","Italy","Florence","Dr","Riccardo","Campi"
"Princess Royal Hospital, Haywards Heath","Urology","United Kingdom","Haywards Heath","Mr","Michael","Wanis"
"Indira Gandhi government general hospital pondicherry","Urology","India","Pondicherry","Dr","Tikenjit","MAZUMDAR"
"General Faculty Hospital","Department of Urology","Czech Republic","Prague","Dr","Vojtech","Fiala"
"Wexham Park Hospital","Department of Urology","United Kingdom","Slough","Dr","Mohammed","Dallash"
"Cheltenham General Hospital","Department of Urology","United Kingdom","Cheltenham","Mr","Julian","Peacock"
"Penang General Hospital","Department of Urology","Malaysia","Georgetown","Mr","Say Bob","Lee"
"Hospital Canselor Tuanku Muhriz UKM","Department of Surgery","Malaysia","Kuala Lumpur","Dr","Suzliza","Shukor"
"Cipto Mangunkusumo Hospital, Jakarta, Indonesia","Department of Urology","Indonesia","DKI Jakarta","Dr","Agus Rizal","Hamid"
"Bicetre University Hospital, Assistance Publique-H^opitaux de Paris, APHP, University Paris-Saclay","Department of Urology","France","Le Kremlin Bicetre","Dr","Cedric","LEBACLE"
"Global Rainbow Healthcare, Agra","Urology","India","Agra","Dr","Madhu","Agrawal"
"Azienda Sanitaria Universitaria Giuliano Isontina","Dep. of Urology","Italy","Trieste","Dr","Francesca","Vedovo"
"James Paget University Hospital","Department of Urology","United Kingdom","Gorleston-On-Sea","Mr","Suresh","Gupta"
"Leighton Hospital","Urology (Surgery and Cancer Division)","United Kingdom","Crewe","Ms","Heba","Hamami"
"G.Gennimatas General Hospital of Thessaloniki","1st Urology Department of the Aristotle University of Thessaloniki, Greece","Greece","Thessaloniki","Prof","PETROS","SOUNTOULIDES"
"Tan Tock Seng Hospital","Department of Urology","Singapore","Singapore","Dr","Jeffrey","Leow"
"Alexandria University Main Hospital","Intern","Egypt","Alexandria","Mr","Ahmed","Nafea"
"Ibn Sina Specialized Hospital","Department of Urology","Sudan","Khartoum","Mr","Hytham","Hamid"
"Hospital Italiano de Buenos Aires","Urology","Argentina","Ciudad Autónoma de Buenos Aires","Dr","Jordán","Scherñuk"
"Hospital Universitario Austral","Servicio de Urología","Argentina","Pilar","Dr","Jose","Nolazco"
"Great Western Hospitals NHS Foundation Trust","Urology Department","United Kingdom","Swindon","Miss","Kathryn","Gillams"
"University Hospital Waterford","Department of Urology","Ireland","Waterford","Mr","John","O'Kelly"
"Sunderland Royal Hospital","Urology","United Kingdom","Sunderland","Dr","Ricardo","Fernandes"
"Tishreen University Hospital","Department of Urology","Syria","Lattakia","Dr","Alaa","Hamdan"
"Royal Albert Edward Infirmary","Urology","United Kingdom","Wigan","Mr","Matthew","Clark"
"Pinderfields General Hospital","Urology","United Kingdom","Wakefield","Mr","Victor","Onowa"
"The Newcastle upon Tyne Hospitals","Urology","United Kingdom","Newcastle","Dr","Ines","Pina"
"Ipswich Hospital","Department of Urology","United Kingdom","Ipswich","Mr","Hassan","Kadhim"
"Wycombe Hospital","Urology Department","United Kingdom","Wycombe","Dr","Jessica","Whitburn"
"Medway Foundation Trust Hospital","Urology","United Kingdom","Gillingham","Mr","Shikohe","Masood"
"Assiut University hospital","Urology department","Egypt","Assiut","Dr","Mahmoud","Saad"
"Ain shams University hospital (Dmerdash)","Ain Shams University Department of Urology","Egypt","Abassia","Mr","Abdurrahman","Abdelzaher"
"Kasr Alainy Hospital",NA,"Egypt","Giza","Dr","Omar","ElBasatiny"
"Royal Surrey NHS Foundation Trust","Stokes Centre for Urology","United Kingdom","Guildford","Dr","Nikhil","Mayor"
"Chu de Québec Hotel Dieu de quebec","departement de chirurgie Division urologie","Canada","Quebec","Dr","Michele","Lodde"
"Ipswich Hospital","Urology Department","Australia","Ipswich","Dr","Trent","Pattenden"
"Hospital Prof. Doutor Fernando Fonseca, EPE","Urologia","Portugal","Amadora","Dr","Antonio","Pinheiro"
"Al-Thawra Modern General Hospital","Department of urology","Yemen","Sana'a","Mr","Hamza","Al-Naggar"
"Hospital Universitario Puerta del Mar","Servicio de Urología","Spain","Cádiz","Dr","Rodrigo","García-Baquero"
"Martha-Maria Hospital, Nuremberg","Department of Urology","Germany","Nuremberg","Dr","Nikolaos","Pyrgidis"
"CHU Poitiers","Urologie","France","Poitiers","Dr","Héloïse","Ducousso"
"San Antonio Military Medical Center","Surgery","United States of America","San Antonio","Dr","Eric","Umbreit"
"Al-Azhar University Hospitals,Faculty Of Medicine, Cairo, EGYPT","Urology Department","Egypt","Cairo","Dr","Eslam Metwally","Mohamed"
"Tanta University Hospitals","Department of Urology","Egypt","TANTA","Dr","Ahmed","Elsherbiny"
"Hospital Clínico Universitario Virgen de la Arrixaca","Servicio de Urología","Spain","Murcia","Dr","Natalia","Vidal Crespo"
"Menoufia university hospital","Urology department","Egypt","Shibin El kom","Dr","Esraa","Hagag"
"Blackpool Teaching Hospital Foundation Trust","Urology","United Kingdom","Blackpool","Mr","Praveen","Rao"
"Qena University Hospital","Intern","Egypt","Qena","Mr","Ahmed Mohamed","El gharably"
"Jordan University Hospital","Department of Urology","Jordan","Amman","Mr","Almu'atasim","Khamees"
"Nasser Hospital","Renal unit","Palestine State","Gaza","Mr","Mustafa","Abu Jayyab"
"University-Hospital Center of Tlemcen","Department of Urology","Algeria","Tlemcen","Mr","Salah Eddine","Kacimi"
"Altnagelvin Area Hospital","Urology","United Kingdom","Derry/Londonderry","Ms","Abigail","Nelson"
"Philippine General Hospital","Division of Urology, Department of Surgery","Philippines","Manila","Dr","Joel","Aldana"
"Urology and Nephrology Center","urology department","Egypt","Mansoura","Dr","Mostafa","Elgamal"
"Al-Mouwasat University Hospital","Urology Department","Syria","Almazzeh","Dr","Mohammad Eyad","Takahji"
"Tripoli University Hospital","Department of Urology","Libya","Tripoli","Dr","Ahmed","Msherghi"
"KHMC","General surgery","Jordan","Amman","Dr","AMRO","AMRO"
"Beni-Suef University Hospital","Urology Department","Egypt","Beni-Suef","Mr","Mohamed","Kharboush"
"Wrexham Maelor Hospital","Urology","United Kingdom","Wrexham","Miss","Corina","Lavelle"
"CHU Grenoble Alpes","Urology","France","Grenoble","Mr","Mehdi","Djouhri"
"University of Colorado Hospital","Department of Surgery-Division of Urology","United States of America","Aurora","Dr","Janet","Kukreja"
"Kaohsiung Ta-Tung Hospital","Department of Urology","Taiwan","Kaohsiung","Dr","Hsiang-Ying","Lee"
"Banner MD Anderson Cancer Center","surgical Oncology","United States of America","Gilbert","Dr","Chinedu","Mmeje"
"Southampton General Hospital","Urology department","United Kingdom","Southampton","Dr","Mriganka","Sinha"
"Queen Elizabeth Hospital Birmingham","Urology Department","United Kingdom","Birmingham","Mr","Prashant","Patel"
"Mustapha Pacha University Hospital","Urology department","Algeria","Algiers","Dr","Asma","Korti"
"El Khadra Hospital","Orthopeadics Department","Libya","Tripoli","Dr","Shoukrie","Shoukrie"
"Centro Hospitalar e Universitário de Lisboa Norte","Urology Department","Portugal","Lisboa","Dr","Afonso","Castro"
"Tobruk Medical centre","Surgery department","Libya","Tobruk","Mrs","Ahmad","Bouhuwaish"
"Kafrelsheikh University hospital","Urology Department","Egypt","Kafrelsheikh","Dr","Hussein","El-ansarey"
"University College Hospital","Westmorland Street Hospital","United Kingdom","London","Dr","Clio","Kennedy"
"Barts Health NHS Trust","Urology","United Kingdom","London","Dr","John-Daniel","Emehute"
"North Middlesex University Hospital","Urology","United Kingdom","London","Miss","Rachel","Oliver"
"North West Anglia NHS Foundation Trust","Department of Urology","United Kingdom","Peterborough","Mr","Nicholas","Boxall"
"Oxford University Hospitals Trust","Urology","United Kingdom","Oxford","Dr","Matthew","Byrne"
"Al Azhar university hospital, New Damietta.","Urology Department","Egypt","New Damietta","Dr","Mohamed","Marey Hassan"
"Lincoln County Hospital","Urology Department","United Kingdom","Lincoln","Mr","James","Akman"
"Al-Hilla Teaching Hospital","Surgery Department","Iraq","Babil","Dr","ALI","AL-ISAWI"
"TEST SITE","Department of Urology","United Kingdom","TEST","Dr","Kevin","Gallagher"
"Banha University Hospital","Urology","Egypt","Banha","Dr","Kareem","Noah"
"Asian Institute of Nephrology and Urology","Urology","India","Hyderabad","Dr","Rajesh","Reddy Adapala"
"Derriford Hospital","Urology Department","United Kingdom","Plymouth","Dr","Charles","Horn"
"Emory University Hospital","Department of Urology","United States of America","Atlanta","Dr","Vikram","Narayan"
"Al Hussein Teaching hospital","medicine collage","Iraq","nasseriah","Dr","Narges","Narges Ali kadhem"
"HOSPITAL UNIVERSITARIO DE GETAFE","UROLOGY","Spain","GETAFE","Prof","LUIS","LLANES GONZÁLEZ"
"Al-Sadder Medical City Teaching Hospital","Uorology department in Al-Sadder Medical City Teaching Hospital","Iraq","Al-Najaf","Dr","Maytham","Al-Juaifari"
"Tripoli Central Hospital","Urology","Libya","Tripoli","Dr","Eman","Abdulwahed"
"Omer Halis Demir University Nigde Research and Training Hospital","Urology","Turkey","Nigde","Dr","Taha","Uçar"
"Multidisciplinary Hospital in Warsaw-Miedzylesie, Warsaw","Department of Urology and Urological Oncology","Poland","Masovian Voivodeship","Dr","Rafal","Drobot"
"Northampton General Hospital","Urology","United Kingdom","Northampton","Mr","Zaid","Mera"
"San Raffaele","urology","Italy","Milano","Dr","Marco","Moschini"
"University Hospital 'Ospedali Riuniti'","Division of Urology Department of Clinical, Special and Dental Sciences","Italy","Ancona","Dr","Lucio","Dell'Atti"
"Aintree University Hospital","Urology","United Kingdom","Liverpool","Mr","Joachim","Jimie"
"Hospital Universitario Severo Ochoa","Urología","Spain","Leganés","Mr","Francisco","Donis Canet"
"Chelsea and Westminster Hospital","Urology","United Kingdom","London","Mr","Nimlan","Shanmugathas"
"All India Institute of Medical Sciences","Department of Urology","India","Jodhpur","Dr","Rahul","Jena"
"'Sapienza' Rome University, Policlinico Umberto I Hospital","Department of Maternal Infant and Urologic Sciences","Italy","Rome","Dr","Francesco","Del Giudice"
"Uniklinikum Salzburg, LKH","Universitätsklinik für Urologie","Austria","Salzburg","Prof","Lukas","Lusuardi"
"East Surrey Hospital","Department of Urology","United Kingdom","Redhill","Mr","Jordan","Durrant"
"A.O.U.I. Verona, Italy","Urology Clinic, Department of Surgery and Oncology","Italy","Verona","Dr","Emanuele","Rubilotta"
"VMMC and Safdarjung hospital, New delhi","Department of urology and renal transplant","India","New delhi","Dr","Samarth","Patel"
"Cooper University Hospital","Department of Surgery","United States of America","Camden","Dr","Wei Phin","Tan"
"San Donato Hospital, Usl Toscana Sud Est","Urology","Italy","Arezzo","Dr","Giacomo Maria","Pirola"
"Instituto Regional de Enfermedades Neoplásicas del Sur","urological oncology","Peru","Arequipa","Dr","Glenda Marina","Falcon Pacheco"
"The First Affiliated Hospital of Fujian Medical University","urology department","China","Fuzhou","Dr","Yun zhi","Lin"
"Kartal Dr Lutfi Kirdar State Hospital","Urology","Turkey","Istanbul","Dr","Muhammed Fatih","Simsekoglu"
"National University Hospital","Urology","Singapore","Singapore","Prof","Edmund","Chiong"
"Wrocław Medical University Hospital","Department of Urology and Oncologic Urology","Poland","Wrocław","Prof","Wojciech","Krajewski"
"Walsall Manor Hospital NHS Trust","Urology Department","United Kingdom","Walsall","Mr","alexandros","georgiou"
"Hospital Universitario Lucus Augusti","Servicio de Urología","Spain","Lugo","Mr","Benito","Blanco"
"Fondazione PTV Policlinico Tor Vergata University Hospital","Urology","Italy","Rome","Dr","Luca","Orecchia"
"Marmara University","Urology","Turkey","Istanbul","Dr","Yılören","Tanıdır"
"Taichung Veterans General Hospital","Department of surgery","Taiwan","Taichung","Dr","Sheng Chun","SCH"
"Corporacio de Salut del Maresme i la Selva","Urology Department","Spain","Calella","Mr","Sergi","Beato"
"Barretos Cancer Hospital - Hospital of Love","Urology","Brazil","Barretos","Dr","Joao Paulo","Fantin"
"Ibn sina","Ibn sina","Algeria","Adrar","Dr","Khadidja","Kouidri"
"Fondazione Poliambulanza Istituti Ospedalieri","Urology Unit, Department of Surgery","Italy","Brescia","Dr","Simone","Francavilla"
"Speciality surgical center benghazi","Urology department","Libya","Benghazi","Dr","Hassan abdulaziz","Shembesh"
"Kokilaben Dhirubhai Ambani Hospital and Medical Research Institute","Uroncology and Robotic Surgery","India","Mumbai","Dr","Santosh","Waigankar"
"Jules Bordet Institute","Urology","Belgium","Brussels","Dr","Rawad","Abou Zahr"
"Manchester Univeristy NHS Foundation Trust - Manchester Royal Infirmary","Urology","United Kingdom","Manchester","Ms","Laura","Derbyshire"
"King Hussein Cancer Center","surgery department","Jordan","Amman","Dr","Mohammed","Shahait"
"St George's Hospital, London","Urology","United Kingdom","London","Miss","Sylvia","Yan"
"Eastbourne District General Hospital","Department of Urology","United Kingdom","Eastbourne","Mr","Joseph","Gabriel"
"Shrewsbury and Telford NHS Trust","Urology","United Kingdom","Shrewsbury","Mr","Raghav","Varma"
"Denver Health","Department of Urology","United States of America","Denver","Dr","Grant","Van der Voort"
"Hospital Brigadeiro","Urology","Brazil","São Paulo","Dr","Claudio","Murta"
"salisbury district hospital","urology","United Kingdom","salisbury","Dr","sa'id","dabah aljamal"
"musgrove park hospital","urology","United Kingdom","somerset","Dr","Sattam","Halaseh"
"Cumberland Infirmary Carlisle","Urology Department","United Kingdom","Carlisle","Mr","Wael","Asaad"
"Federal University of São Paulo","Department of surgery, division of Urology","Brazil","São Paulo","Dr","Tiago","Silva"
"Mater Misericordiae University Hospital","Department of Urology","Ireland","Dublin","Mr","Kevin","Keane"
"West Suffolk Hospital","Urology Department","United Kingdom","Bury St Edmunds","Miss","Michelle","Carey"
"Bradford Teaching Hospital NHS Foundation Trust","Urology","United Kingdom","Bradford","Mr","Christos","Gkikas"
"Hospital Regional do Câncer de Presidente Prudente","Urologia","Brazil","Presidente Prudente","Dr","Felipe","Moura"
"Gadarif Hospital For Renal Diseases and Surgery","Urology department","Sudan","AlGadarif","Dr","Ahmed","abufahd"
"Hospital Universitario Pedro Ernesto","Serviço de Urologia","Brazil","Rio de Janeiro","Prof","Fabricio","Carrerette"
"Hospital Israelita Albert Einstein","Department of Urology","Brazil","São Paulo","Dr","Marcelo","Wroclawski"
"Università Campus Bio-medico di Roma","urologia","Italy","Rome","Dr","Francesco","Esperto"
"Hospital Serdang","Department of Urology","Malaysia","Serdang","Mr","Mohamad Fairuz","Mohamad Sharin"
"The Johns Hopkins Hospital","The Brady Urological Institute","United States of America","Baltimore","Dr","Sunil","Patel"
"Prashanth hospital","Urology","India","Vijayawada","Dr","Priyatham","Kasaraneni"
"Hospital Universitario Fundacion Jimenez Diaz","servicio de Urologia","Spain","Madrid","Dr","Leslie","Cuello"
"Royal Cornwall Hospital","Urology","United Kingdom","Truro","Mr","Hadi","Mohsin"
"The Whittington Hospital","Urology Department","United Kingdom","London","Mr","Thomas","Newman"
"München Klinik Bogenhausen","Klinik für Urologie","Germany","Munich","Dr","Till","Fährmann"
"Hospital Queen Elizabeth","Urology Unit","Malaysia","Kota Kinabalu","Dr","Ing Soon","Ngu"
"Santa Casa de Misericórdia de Porto Alegre","Serviço de Urologia","Brazil","Porto Alegre","Dr","Daniel","Soares"
"Charing Cross Hospital","Urology","United Kingdom","London","Dr","Anjola","Onifade"
"Darent Valley Hospital","Urology Department","United Kingdom","Dartford","Prof","Sanjeev","Madaan"
"University Medical Centre Ljubljana, Slovenia","Department of urology","Slovenia","Ljubljana","Dr","Milena","Taskovska"
"Aga Khan University Hospital","Department of Surgery","Pakistan","Karachi","Mr","Usama","Waqar"
"Chiba University Hospital, Chiba","Department of Urology","Japan","Chiba","Dr","Tomokazu","Sazuka"
"Kaohsiung Veterans General Hospital","Division of Urology, Department of Surgery","Taiwan","Kaohsiung","Dr","I-Hsuan Alan","Chen"
"Azienda ospedaliera universitaria Careggi","Unit of Oncologic Minimally-Invasive Urology and Andrology.","Italy","Firenze","Dr","Andrea","Mari"
"North Devon Hospital Nhs trust","Urology","United Kingdom","BARNSTAPLE","Mr","Mohammed Moshiur","Rahman"
"second hospital of dalain medical university","urology","China","dalain","Dr","alradhi mohammed","alradhi"
"The First Affiliated Hospital of GUANGZHOU Medical University","Department of Urology","China","Guangzhou","Prof","Liu","Yongda"
"Luton and Dunstable Hospital","Urology Department","United Kingdom","Luton","Dr","Muhammad","Salik"
"Fundação do ABC","Urology","Brazil","Santo André","Dr","Fernando","Korkes"
"Northern Devon Healthcare NHS trust","UROLOGY","United Kingdom","BARNSTAPLE","Mr","Mohammed Moshiur","Rahman"
"East Surrey Hospital","Department of Urology","United Kingdom","Redhill","Mr","James","Henderson"
"Sindh institute of urology and transplantation","Urology","Pakistan","Karaachi","Dr","Abdullah bangwar","Bangwar"
"Alzahraa university hospital","urology departement","Egypt","cairo","Dr","Eman","El-Dydamony"
"NYC H+H Queens Hospital Center","Urology","United States of America","Jamaica","Dr","Isuru","Jayaratna"
"Hopital Erasme","Service d'Urologie","Belgium","Bruxelles","Dr","Simone","Albisinni"
"West Tallinn Central Hospital","UROLOGY DEPARMENT","Estonia","Tallinn","Dr","Rauno","Okas"
"Muljibhai Patel Urology Hospital","Department of Urology","India","Nadiad","Dr","Aditya","Parikh"
"Portsmouth Hospitals University NHS Trust","Urology","United Kingdom","Portsmouth","Mr","Dominic","Hodgson"
"Sheffield Teaching Hospitals","Urology Department","United Kingdom","Sheffield","Miss","Eghoihunu","Ireo"
"Centro Hospitalar Vila Nova de Gaia/Espinho","Urologia","Portugal","Vila Nova de Gaia","Dr","Carolina","Marramaque"
"Victoria Hospital Kirkcaldy","Department of Urology","United Kingdom","Kirkcaldy","Mr","Matthew","Trail"
"INSTITUTO NACIONAL DEL CÁNCER","SERVICIO DE UROLOGÍA","Paraguay","AREGUÁ","Dr","CESAR","RECALDE LARA"
"RS Cipto Mangunkusumo","Departemen Urologi","Indonesia","Jakarta Pusat","Dr","Agus Rizal A.H.","Hamid"
"Craigavon Area Hospital","Urology","United Kingdom","Portadown","Miss","Maire","Mageean"
"Fatmawati Central General Hospital","Divisi Urologi SMF Bedah RSUP Fatmawati","Indonesia","Jakarta Selatan","Dr","Syamsu","Hudaya"
"Dr. Saiful Anwar General Hospital","Department of Urology, Medical Faculty, Universitas Brawijaya","Indonesia","Malang","Dr","Kurnia","Seputra"
"Dr. Sardjito Central General Hospital","Department Surgery, Division Urology","Indonesia","Yogyakarta","Dr","Danarto","Danarto"
"Hasan Sadikin Academic Medical Center","Urology","Indonesia","Bandung","Dr","Ferry","Safriadi"
"Royal Berkshire Hospital","Department of Urology","United Kingdom","Reading","Mr","Mudit","Matanhelia"
"Sanglah General Hospital","KSM Urologi (Urologic Department)","Indonesia","Denpasar","Dr","Anak Agung Gde Oka","-"
"Furness General Hospital","Urology","United Kingdom","Barrow-in-Furness","Mr","Mohammed","Saqib"
"Royal Lancaster Infirmary","Urology","United Kingdom","Barrow-in-Furness","Mr","Mohammed","Saqib"
"RSUD Kota Makassar","Bedah","Indonesia","Makassar","Dr","Abdul","Azis"
"Adam Malik General Hospital","Bedah Urologi","Indonesia","Medan","Dr","Ginanda","Siregar"
"Hospital CEMIC","Urology Department","Argentina","Ciudad Autonoma de Buenos Aires","Dr","Tomas","Richards"
